First_Name,Last_Name,PNR,Fare_class,Travel_date,Pax,Ticketing_date,Email,Mobile_phone,Booked_cabin,Discount_code
Abhishek,Kumar,ABC123,F,Fri Aug 30 00:00:00 IST 2019,2,Wed May 22 00:00:00 IST 2019,abhishek@zzz.com,9876543210,Economy,OFFER_30
Somnath,Batra,X1Y2Z4,Z,Thu Jul 25 00:00:00 IST 2019,3,Thu May 23 00:00:00 IST 2019,sbatra@zzz.com,9876543214,Economy,
Jane,Sasha,XCV345,B,Thu Jul 25 00:00:00 IST 2019,3,Thu May 23 00:00:00 IST 2019,janes@zzz.com,9876543214,Business,OFFER_20
Narender,Kumar,AB2345,M,Fri Aug 30 00:00:00 IST 2019,2,Wed May 22 00:00:00 IST 2019,narend.send@zzz.com,9834476373,Economy,OFFER_25
