First_Name,Last_Name,PNR,Fare_class,Travel_date,Pax,Ticketing_date,Email,Mobile_phone,Booked_cabin,Errors
Monin,Sankar,PQ234,C,Fri Aug 30 00:00:00 IST 2019,2,Wed May 22 00:00:00 IST 2019,monin@zzz.com,9876543211,Economy,PNR is not valid
Radhika,Suresh,ZZZ345,T,Fri May 31 00:00:00 IST 2019,4,Tue May 21 00:00:00 IST 2019,radhika@zzz,9876543212,Business,Email is not valid
Kalyani,Ben,A1B2C3,M,Tue Apr 30 00:00:00 IST 2019,1,Tue May 21 00:00:00 IST 2019,kben@zzz.com,9876543213,Premium Economy,Ticketing date should before travel date
Jagan,Senthil,AB23,N,Fri Aug 30 00:00:00 IST 2019,2,Wed May 22 00:00:00 IST 2019,jagan.send,983476373,Economy,Email is not valid; Mobile number is not valid; PNR is not valid
Raj,Kumar,ABC999,A,Sun Aug 25 00:00:00 IST 2019,2,Sun Sep 22 00:00:00 IST 2019,raj.kumar@zzz.com,9876543214,Other,The booked cabin is not valid; Ticketing date should before travel date
Raja,Shankar,XYZ999,A,Sun Aug 25 00:00:00 IST 2019,2,Sun Sep 22 00:00:00 IST 2019,raj.kumar@.com,9876543214,Other,The booked cabin is not valid; Email is not valid; Ticketing date should before travel date
