First_Name,Last_Name,PNR,Fare_class,Travel_date, Pax, Ticketing_date, Email, Mobile_phone, Booked_cabin ,Sample
Abhishek,Kumar ,ABC123,F, 2019-08-30,2, 2019-05-22, abhishek@zzz.com,9876543210, Economy ,
Monin, Sankar, PQ234, C, 2019-08-30,2, 2019-05-22, monin@zzz.com,9876543211, Economy ,
Radhika, Suresh, ZZZ345, T, 2019-05-31,4, 2019-05-21, radhika@zzz,9876543212, Business,
Kalyani, Ben, A1B2C3, M, 2019-04-30,1, 2019-05-21, kben@zzz.com,9876543213, Premium Economy ,
Somnath, Batra, X1Y2Z4, Z, 2019-07-25,3, 2019-05-23, sbatra@zzz.com,9876543214, Economy,sdd
Jagan,Senthil,AB23,N, 2019-08-30,2, 2019-05-22,jagan.send,983476373, Economy ,
Raj,Kumar ,ABC999,A, 2019-08-25,2, 2019-09-22,raj.kumar@zzz.com,9876543214,Other,
Jane,Sasha,XCV345,B, 2019-07-25,3, 2019-05-23,janes@zzz.com,9876543214, Business,
Narender,Kumar ,AB2345,M, 2019-08-30,2, 2019-05-22,narend.send@zzz.com,9834476373, Economy ,
Raja,Shankar ,XYZ999,A, 2019-08-25,2, 2019-09-22,raj.kumar@.com,9876543214,Other,
Sachin,Tendulkar,WWW345,A,12/12/19,1,12/12/19,sachin@sss.com,9787773344, Economy ,